{"cameraMode":{"drawMode":0,"name":"Shaded","section":"Shading Mode"},"sceneLighting":false,"audioPlay":false,"sceneViewState":{"m_AlwaysRefresh":false,"showFog":true,"showSkybox":false,"showFlares":true,"showImageEffects":true,"showParticleSystems":true,"showVisualEffectGraphs":true,"m_FxEnabled":true},"in2DMode":false,"pivot":{"x":1.2170543670654297,"y":14.479999542236329,"z":3.019498825073242},"rotation":{"x":-0.11075374484062195,"y":0.8704122304916382,"z":-0.22857749462127686,"w":-0.4217449426651001},"size":26.661849975585939,"orthographic":false}