{"cameraMode":{"drawMode":0,"name":"Shaded","section":"Shading Mode"},"sceneLighting":false,"audioPlay":false,"sceneViewState":{"m_AlwaysRefresh":false,"showFog":true,"showSkybox":false,"showFlares":true,"showImageEffects":true,"showParticleSystems":true,"showVisualEffectGraphs":true,"m_FxEnabled":true},"in2DMode":false,"pivot":{"x":1.1599998474121094,"y":2.0024962425231935,"z":0.7299995422363281},"rotation":{"x":-0.11075374484062195,"y":0.8704122304916382,"z":-0.22857749462127686,"w":-0.4217449426651001},"size":30.015615463256837,"orthographic":false}