{"cameraMode":{"drawMode":0,"name":"Shaded","section":"Shading Mode"},"sceneLighting":false,"audioPlay":false,"sceneViewState":{"m_AlwaysRefresh":false,"showFog":true,"showSkybox":false,"showFlares":true,"showImageEffects":true,"showParticleSystems":true,"showVisualEffectGraphs":true,"m_FxEnabled":true},"in2DMode":false,"pivot":{"x":2.5720386505126955,"y":4.909999847412109,"z":1.995798110961914},"rotation":{"x":0.024720968678593637,"y":0.9493993520736694,"z":-0.30339616537094118,"w":0.07735742628574372},"size":29.950702667236329,"orthographic":false}