{"cameraMode":{"drawMode":0,"name":"Shaded","section":"Shading Mode"},"sceneLighting":false,"audioPlay":false,"sceneViewState":{"m_AlwaysRefresh":false,"showFog":true,"showSkybox":false,"showFlares":true,"showImageEffects":true,"showParticleSystems":true,"showVisualEffectGraphs":true,"m_FxEnabled":true},"in2DMode":false,"pivot":{"x":0.13202311098575593,"y":-0.007556989789009094,"z":-0.0027800053358078005},"rotation":{"x":-0.06801141053438187,"y":0.9295487999916077,"z":-0.21893230080604554,"w":-0.28876498341560366},"size":0.22655680775642396,"orthographic":false}